{"initial_reset_timestamp": 1564682062.2477808, "timestamps": [1564682077.9244332, 1564682091.38506], "episode_lengths": [1000, 1000], "episode_rewards": [1001.765040357789, 993.6155520980227], "episode_types": ["t", "t", "t"]}